{
  "projectName": "NECB2017 fene 1",
  "projectDir": "C:\\Users\\vuonge\\Documents\\Code Document\\NECB 2017 PATS\\NECB2017 fene 1",
  "seed": "dummy.osm",
  "weatherFile": "dummy.epw",
  "analysis_type": "Algorithmic",
  "remoteSettings": {
    "open": true,
    "remoteType": "Amazon Cloud",
    "remoteServerURL": null,
    "aws": {
      "connected": false,
      "cluster_name": "",
      "server_instance_type": "",
      "worker_instance_type": "",
      "user_id": "",
      "worker_node_number": 0,
      "aws_tags": [],
      "openstudio_server_version": ""
    },
    "credentials": {
      "yamlFilename": null,
      "accessKey": null,
      "region": "us-east-1"
    }
  },
  "samplingMethod": {
    "id": "doe",
    "name": "analysis.type.doe",
    "link": "https://cran.r-project.org/web/packages/DoE.base/DoE.base.pdf"
  },
  "algorithmSettings": [
    {
      "name": "experiment_type",
      "displayName": "Experiment Type",
      "description": "Options: full_factorial",
      "defaultValue": "full_factorial",
      "type": "string",
      "value": "full_factorial",
      "$$hashKey": "object:2921"
    },
    {
      "name": "number_of_samples",
      "displayName": "Number of Samples",
      "description": "Positive integer (this discretizes a continous variable)",
      "defaultValue": 2,
      "type": "number",
      "value": 2,
      "$$hashKey": "object:2922"
    },
    {
      "name": "seed",
      "displayName": "Seed",
      "description": "Integer seed for random number generator",
      "defaultValue": null,
      "type": "number",
      "value": null,
      "$$hashKey": "object:135"
    },
    {
      "name": "failed_f_value",
      "displayName": "Failed F Value",
      "description": "Return Value for F(x) if F fails",
      "defaultValue": 1000000000000000000,
      "type": "number",
      "value": 1000000000000000000,
      "$$hashKey": "object:2923"
    },
    {
      "name": "debug_messages",
      "displayName": "Debug Messages",
      "description": "Options: 1 or 0 (True or False)",
      "defaultValue": 0,
      "type": "number",
      "value": 0,
      "$$hashKey": "object:2924"
    }
  ],
  "rubyMD5": "",
  "mongoMD5": "",
  "openstudioServerMD5": "",
  "openstudioCLIMD5": "",
  "openstudioMD5": "",
  "measures": [
    {
      "measure_dir": "C:\\Users\\vuonge\\Documents\\Code Document\\NECB 2017 PATS\\NECB2017 fene 1\\measures\\btap_create_necb_prototype_building",
      "name": "btap_create_necb_prototype_building",
      "directory": "C:/Users/vuonge/Documents/Code Document/measures/btap_create_necb_prototype_building",
      "uid": "3e9acd53-8602-4749-a655-7cbbe48e8b30",
      "uuid": "{3e9acd53-8602-4749-a655-7cbbe48e8b30}",
      "version_id": "54d97ed3-d9af-4291-8b63-9343e409c1b5",
      "version_uuid": "{54d97ed3-d9af-4291-8b63-9343e409c1b5}",
      "version_modified": "20181203T202732Z",
      "xml_checksum": "2C38F48B",
      "display_name": "BTAPCreateNECBPrototypeBuilding",
      "class_name": "BTAPCreateNECBPrototypeBuilding",
      "description": "This measure creates an NECB prototype building from scratch and uses it as the base for an analysis.",
      "modeler_description": "This will replaced the model object with a brand new model. It effectively ignores the seed model.",
      "tags": "Whole Building.Space Types",
      "outputs": [],
      "attributes": [
        {
          "name": "Measure Type",
          "display_name": "Measure Type",
          "value": "ModelMeasure"
        }
      ],
      "arguments": [
        {
          "name": "building_type",
          "display_name": "Building Type.",
          "description": "",
          "type": "Choice",
          "required": true,
          "model_dependent": false,
          "default_value": "SmallOffice",
          "choice_values": [
            "SecondarySchool",
            "PrimarySchool",
            "SmallOffice",
            "MediumOffice",
            "LargeOffice",
            "SmallHotel",
            "LargeHotel",
            "Warehouse",
            "RetailStandalone",
            "RetailStripmall",
            "QuickServiceRestaurant",
            "FullServiceRestaurant",
            "MidriseApartment",
            "HighriseApartment",
            "Hospital",
            "Outpatient"
          ],
          "choice_display_names": [
            "SecondarySchool",
            "PrimarySchool",
            "SmallOffice",
            "MediumOffice",
            "LargeOffice",
            "SmallHotel",
            "LargeHotel",
            "Warehouse",
            "RetailStandalone",
            "RetailStripmall",
            "QuickServiceRestaurant",
            "FullServiceRestaurant",
            "MidriseApartment",
            "HighriseApartment",
            "Hospital",
            "Outpatient"
          ],
          "display_name_short": "building_type",
          "inputs": {
            "relationship": null,
            "choiceDisplayNames": [
              "SecondarySchool",
              "PrimarySchool",
              "SmallOffice",
              "MediumOffice",
              "LargeOffice",
              "SmallHotel",
              "LargeHotel",
              "Warehouse",
              "RetailStandalone",
              "RetailStripmall",
              "QuickServiceRestaurant",
              "FullServiceRestaurant",
              "MidriseApartment",
              "HighriseApartment",
              "Hospital",
              "Outpatient"
            ],
            "variableSetting": "Discrete",
            "distribution": "Uniform",
            "discreteVariables": [
              {
                "value": "SecondarySchool",
                "weight": "",
                "$$hashKey": "object:2803"
              },
              {
                "value": "RetailStandalone",
                "weight": "",
                "$$hashKey": "object:2814"
              },
              {
                "value": "RetailStripmall",
                "weight": "",
                "$$hashKey": "object:2824"
              },
              {
                "value": "HighriseApartment",
                "weight": "",
                "$$hashKey": "object:2834"
              }
            ],
            "maximum": "SmallOffice",
            "minimum": "SmallOffice",
            "mean": "SmallOffice",
            "deltaX": "SmallOffice",
            "stdDev": "SmallOffice",
            "default_value": "SmallOffice",
            "showWarningIcon": false
          },
          "$$hashKey": "object:1586"
        },
        {
          "name": "template",
          "display_name": "Template.",
          "description": "",
          "type": "Choice",
          "required": true,
          "model_dependent": false,
          "default_value": "NECB2011",
          "choice_values": [
            "NECB2011",
            "NECB2015",
            "NECB2017"
          ],
          "choice_display_names": [
            "NECB2011",
            "NECB2015",
            "NECB2017"
          ],
          "display_name_short": "template",
          "inputs": {
            "relationship": null,
            "choiceDisplayNames": [
              "NECB2011",
              "NECB2015",
              "NECB2017"
            ],
            "variableSetting": "Argument",
            "distribution": "Uniform",
            "discreteVariables": [],
            "maximum": "NECB2011",
            "minimum": "NECB2011",
            "mean": "NECB2011",
            "deltaX": "NECB2011",
            "stdDev": "NECB2011",
            "default_value": "NECB2017",
            "showWarningIcon": false
          },
          "$$hashKey": "object:1587"
        },
        {
          "name": "epw_file",
          "display_name": "Climate File",
          "description": "",
          "type": "Choice",
          "required": true,
          "model_dependent": false,
          "default_value": "CAN_AB_Banff.CS.711220_CWEC2016.epw",
          "choice_values": [
            "CAN_AB_Banff.CS.711220_CWEC2016.epw",
            "CAN_AB_Calgary.Intl.AP.718770_CWEC2016.epw",
            "CAN_AB_Edmonton.Intl.AP.711230_CWEC2016.epw",
            "CAN_AB_Edmonton.Stony.Plain.AP.711270_CWEC2016.epw",
            "CAN_AB_Fort.McMurray.AP.716890_CWEC2016.epw",
            "CAN_AB_Grande.Prairie.AP.719400_CWEC2016.epw",
            "CAN_AB_Lethbridge.AP.712430_CWEC2016.epw",
            "CAN_AB_Medicine.Hat.AP.710260_CWEC2016.epw",
            "CAN_BC_Abbotsford.Intl.AP.711080_CWEC2016.epw",
            "CAN_BC_Comox.Valley.AP.718930_CWEC2016.epw",
            "CAN_BC_Crankbrook-Canadian.Rockies.Intl.AP.718800_CWEC2016.epw",
            "CAN_BC_Fort.St.John-North.Peace.Rgnl.AP.719430_CWEC2016.epw",
            "CAN_BC_Hope.Rgnl.Airpark.711870_CWEC2016.epw",
            "CAN_BC_Kamloops.AP.718870_CWEC2016.epw",
            "CAN_BC_Port.Hardy.AP.711090_CWEC2016.epw",
            "CAN_BC_Prince.George.Intl.AP.718960_CWEC2016.epw",
            "CAN_BC_Smithers.Rgnl.AP.719500_CWEC2016.epw",
            "CAN_BC_Summerland.717680_CWEC2016.epw",
            "CAN_BC_Vancouver.Intl.AP.718920_CWEC2016.epw",
            "CAN_BC_Victoria.Intl.AP.717990_CWEC2016.epw",
            "CAN_MB_Brandon.Muni.AP.711400_CWEC2016.epw",
            "CAN_MB_The.Pas.AP.718670_CWEC2016.epw",
            "CAN_MB_Winnipeg-Richardson.Intl.AP.718520_CWEC2016.epw",
            "CAN_NB_Fredericton.Intl.AP.717000_CWEC2016.epw",
            "CAN_NB_Miramichi.AP.717440_CWEC2016.epw",
            "CAN_NB_Saint.John.AP.716090_CWEC2016.epw",
            "CAN_NL_Gander.Intl.AP-CFB.Gander.718030_CWEC2016.epw",
            "CAN_NL_Goose.Bay.AP-CFB.Goose.Bay.718160_CWEC2016.epw",
            "CAN_NL_St.Johns.Intl.AP.718010_CWEC2016.epw",
            "CAN_NL_Stephenville.Intl.AP.718150_CWEC2016.epw",
            "CAN_NS_CFB.Greenwood.713970_CWEC2016.epw",
            "CAN_NS_CFB.Shearwater.716010_CWEC2016.epw",
            "CAN_NS_Sable.Island.Natl.Park.716000_CWEC2016.epw",
            "CAN_NT_Inuvik-Zubko.AP.719570_CWEC2016.epw",
            "CAN_NT_Yellowknife.AP.719360_CWEC2016.epw",
            "CAN_ON_Armstrong.AP.718410_CWEC2016.epw",
            "CAN_ON_CFB.Trenton.716210_CWEC2016.epw",
            "CAN_ON_Dryden.Rgnl.AP.715270_CWEC2016.epw",
            "CAN_ON_London.Intl.AP.716230_CWEC2016.epw",
            "CAN_ON_Moosonee.AP.713980_CWEC2016.epw",
            "CAN_ON_Mount.Forest.716310_CWEC2016.epw",
            "CAN_ON_North.Bay-Garland.AP.717310_CWEC2016.epw",
            "CAN_ON_Ottawa-Macdonald-Cartier.Intl.AP.716280_CWEC2016.epw",
            "CAN_ON_Sault.Ste.Marie.AP.712600_CWEC2016.epw",
            "CAN_ON_Timmins.Power.AP.717390_CWEC2016.epw",
            "CAN_ON_Toronto.Pearson.Intl.AP.716240_CWEC2016.epw",
            "CAN_ON_Windsor.Intl.AP.715380_CWEC2016.epw",
            "CAN_PE_Charlottetown.AP.717060_CWEC2016.epw",
            "CAN_QC_Kuujjuaq.AP.719060_CWEC2016.epw",
            "CAN_QC_Kuujuarapik.AP.719050_CWEC2016.epw",
            "CAN_QC_Lac.Eon.AP.714210_CWEC2016.epw",
            "CAN_QC_Mont-Joli.AP.717180_CWEC2016.epw",
            "CAN_QC_Montreal-Mirabel.Intl.AP.719050_CWEC2016.epw",
            "CAN_QC_Montreal-St-Hubert.Longueuil.AP.713710_CWEC2016.epw",
            "CAN_QC_Montreal-Trudeau.Intl.AP.716270_CWEC2016.epw",
            "CAN_QC_Quebec-Lesage.Intl.AP.717140_CWEC2016.epw",
            "CAN_QC_Riviere-du-Loup.717150_CWEC2016.epw",
            "CAN_QC_Roberval.AP.717280_CWEC2016.epw",
            "CAN_QC_Saguenay-Bagotville.AP-CFB.Bagotville.717270_CWEC2016.epw",
            "CAN_QC_Schefferville.AP.718280_CWEC2016.epw",
            "CAN_QC_Sept-Iles.AP.718110_CWEC2016.epw",
            "CAN_QC_Val-d-Or.Rgnl.AP.717250_CWEC2016.epw",
            "CAN_SK_Estevan.Rgnl.AP.718620_CWEC2016.epw",
            "CAN_SK_North.Battleford.AP.718760_CWEC2016.epw",
            "CAN_SK_Saskatoon.Intl.AP.718660_CWEC2016.epw",
            "CAN_YT_Whitehorse.Intl.AP.719640_CWEC2016.epw"
          ],
          "choice_display_names": [
            "CAN_AB_Banff.CS.711220_CWEC2016.epw",
            "CAN_AB_Calgary.Intl.AP.718770_CWEC2016.epw",
            "CAN_AB_Edmonton.Intl.AP.711230_CWEC2016.epw",
            "CAN_AB_Edmonton.Stony.Plain.AP.711270_CWEC2016.epw",
            "CAN_AB_Fort.McMurray.AP.716890_CWEC2016.epw",
            "CAN_AB_Grande.Prairie.AP.719400_CWEC2016.epw",
            "CAN_AB_Lethbridge.AP.712430_CWEC2016.epw",
            "CAN_AB_Medicine.Hat.AP.710260_CWEC2016.epw",
            "CAN_BC_Abbotsford.Intl.AP.711080_CWEC2016.epw",
            "CAN_BC_Comox.Valley.AP.718930_CWEC2016.epw",
            "CAN_BC_Crankbrook-Canadian.Rockies.Intl.AP.718800_CWEC2016.epw",
            "CAN_BC_Fort.St.John-North.Peace.Rgnl.AP.719430_CWEC2016.epw",
            "CAN_BC_Hope.Rgnl.Airpark.711870_CWEC2016.epw",
            "CAN_BC_Kamloops.AP.718870_CWEC2016.epw",
            "CAN_BC_Port.Hardy.AP.711090_CWEC2016.epw",
            "CAN_BC_Prince.George.Intl.AP.718960_CWEC2016.epw",
            "CAN_BC_Smithers.Rgnl.AP.719500_CWEC2016.epw",
            "CAN_BC_Summerland.717680_CWEC2016.epw",
            "CAN_BC_Vancouver.Intl.AP.718920_CWEC2016.epw",
            "CAN_BC_Victoria.Intl.AP.717990_CWEC2016.epw",
            "CAN_MB_Brandon.Muni.AP.711400_CWEC2016.epw",
            "CAN_MB_The.Pas.AP.718670_CWEC2016.epw",
            "CAN_MB_Winnipeg-Richardson.Intl.AP.718520_CWEC2016.epw",
            "CAN_NB_Fredericton.Intl.AP.717000_CWEC2016.epw",
            "CAN_NB_Miramichi.AP.717440_CWEC2016.epw",
            "CAN_NB_Saint.John.AP.716090_CWEC2016.epw",
            "CAN_NL_Gander.Intl.AP-CFB.Gander.718030_CWEC2016.epw",
            "CAN_NL_Goose.Bay.AP-CFB.Goose.Bay.718160_CWEC2016.epw",
            "CAN_NL_St.Johns.Intl.AP.718010_CWEC2016.epw",
            "CAN_NL_Stephenville.Intl.AP.718150_CWEC2016.epw",
            "CAN_NS_CFB.Greenwood.713970_CWEC2016.epw",
            "CAN_NS_CFB.Shearwater.716010_CWEC2016.epw",
            "CAN_NS_Sable.Island.Natl.Park.716000_CWEC2016.epw",
            "CAN_NT_Inuvik-Zubko.AP.719570_CWEC2016.epw",
            "CAN_NT_Yellowknife.AP.719360_CWEC2016.epw",
            "CAN_ON_Armstrong.AP.718410_CWEC2016.epw",
            "CAN_ON_CFB.Trenton.716210_CWEC2016.epw",
            "CAN_ON_Dryden.Rgnl.AP.715270_CWEC2016.epw",
            "CAN_ON_London.Intl.AP.716230_CWEC2016.epw",
            "CAN_ON_Moosonee.AP.713980_CWEC2016.epw",
            "CAN_ON_Mount.Forest.716310_CWEC2016.epw",
            "CAN_ON_North.Bay-Garland.AP.717310_CWEC2016.epw",
            "CAN_ON_Ottawa-Macdonald-Cartier.Intl.AP.716280_CWEC2016.epw",
            "CAN_ON_Sault.Ste.Marie.AP.712600_CWEC2016.epw",
            "CAN_ON_Timmins.Power.AP.717390_CWEC2016.epw",
            "CAN_ON_Toronto.Pearson.Intl.AP.716240_CWEC2016.epw",
            "CAN_ON_Windsor.Intl.AP.715380_CWEC2016.epw",
            "CAN_PE_Charlottetown.AP.717060_CWEC2016.epw",
            "CAN_QC_Kuujjuaq.AP.719060_CWEC2016.epw",
            "CAN_QC_Kuujuarapik.AP.719050_CWEC2016.epw",
            "CAN_QC_Lac.Eon.AP.714210_CWEC2016.epw",
            "CAN_QC_Mont-Joli.AP.717180_CWEC2016.epw",
            "CAN_QC_Montreal-Mirabel.Intl.AP.719050_CWEC2016.epw",
            "CAN_QC_Montreal-St-Hubert.Longueuil.AP.713710_CWEC2016.epw",
            "CAN_QC_Montreal-Trudeau.Intl.AP.716270_CWEC2016.epw",
            "CAN_QC_Quebec-Lesage.Intl.AP.717140_CWEC2016.epw",
            "CAN_QC_Riviere-du-Loup.717150_CWEC2016.epw",
            "CAN_QC_Roberval.AP.717280_CWEC2016.epw",
            "CAN_QC_Saguenay-Bagotville.AP-CFB.Bagotville.717270_CWEC2016.epw",
            "CAN_QC_Schefferville.AP.718280_CWEC2016.epw",
            "CAN_QC_Sept-Iles.AP.718110_CWEC2016.epw",
            "CAN_QC_Val-d-Or.Rgnl.AP.717250_CWEC2016.epw",
            "CAN_SK_Estevan.Rgnl.AP.718620_CWEC2016.epw",
            "CAN_SK_North.Battleford.AP.718760_CWEC2016.epw",
            "CAN_SK_Saskatoon.Intl.AP.718660_CWEC2016.epw",
            "CAN_YT_Whitehorse.Intl.AP.719640_CWEC2016.epw"
          ],
          "display_name_short": "epw_file",
          "inputs": {
            "relationship": null,
            "choiceDisplayNames": [
              "CAN_AB_Banff.CS.711220_CWEC2016.epw",
              "CAN_AB_Calgary.Intl.AP.718770_CWEC2016.epw",
              "CAN_AB_Edmonton.Intl.AP.711230_CWEC2016.epw",
              "CAN_AB_Edmonton.Stony.Plain.AP.711270_CWEC2016.epw",
              "CAN_AB_Fort.McMurray.AP.716890_CWEC2016.epw",
              "CAN_AB_Grande.Prairie.AP.719400_CWEC2016.epw",
              "CAN_AB_Lethbridge.AP.712430_CWEC2016.epw",
              "CAN_AB_Medicine.Hat.AP.710260_CWEC2016.epw",
              "CAN_BC_Abbotsford.Intl.AP.711080_CWEC2016.epw",
              "CAN_BC_Comox.Valley.AP.718930_CWEC2016.epw",
              "CAN_BC_Crankbrook-Canadian.Rockies.Intl.AP.718800_CWEC2016.epw",
              "CAN_BC_Fort.St.John-North.Peace.Rgnl.AP.719430_CWEC2016.epw",
              "CAN_BC_Hope.Rgnl.Airpark.711870_CWEC2016.epw",
              "CAN_BC_Kamloops.AP.718870_CWEC2016.epw",
              "CAN_BC_Port.Hardy.AP.711090_CWEC2016.epw",
              "CAN_BC_Prince.George.Intl.AP.718960_CWEC2016.epw",
              "CAN_BC_Smithers.Rgnl.AP.719500_CWEC2016.epw",
              "CAN_BC_Summerland.717680_CWEC2016.epw",
              "CAN_BC_Vancouver.Intl.AP.718920_CWEC2016.epw",
              "CAN_BC_Victoria.Intl.AP.717990_CWEC2016.epw",
              "CAN_MB_Brandon.Muni.AP.711400_CWEC2016.epw",
              "CAN_MB_The.Pas.AP.718670_CWEC2016.epw",
              "CAN_MB_Winnipeg-Richardson.Intl.AP.718520_CWEC2016.epw",
              "CAN_NB_Fredericton.Intl.AP.717000_CWEC2016.epw",
              "CAN_NB_Miramichi.AP.717440_CWEC2016.epw",
              "CAN_NB_Saint.John.AP.716090_CWEC2016.epw",
              "CAN_NL_Gander.Intl.AP-CFB.Gander.718030_CWEC2016.epw",
              "CAN_NL_Goose.Bay.AP-CFB.Goose.Bay.718160_CWEC2016.epw",
              "CAN_NL_St.Johns.Intl.AP.718010_CWEC2016.epw",
              "CAN_NL_Stephenville.Intl.AP.718150_CWEC2016.epw",
              "CAN_NS_CFB.Greenwood.713970_CWEC2016.epw",
              "CAN_NS_CFB.Shearwater.716010_CWEC2016.epw",
              "CAN_NS_Sable.Island.Natl.Park.716000_CWEC2016.epw",
              "CAN_NT_Inuvik-Zubko.AP.719570_CWEC2016.epw",
              "CAN_NT_Yellowknife.AP.719360_CWEC2016.epw",
              "CAN_ON_Armstrong.AP.718410_CWEC2016.epw",
              "CAN_ON_CFB.Trenton.716210_CWEC2016.epw",
              "CAN_ON_Dryden.Rgnl.AP.715270_CWEC2016.epw",
              "CAN_ON_London.Intl.AP.716230_CWEC2016.epw",
              "CAN_ON_Moosonee.AP.713980_CWEC2016.epw",
              "CAN_ON_Mount.Forest.716310_CWEC2016.epw",
              "CAN_ON_North.Bay-Garland.AP.717310_CWEC2016.epw",
              "CAN_ON_Ottawa-Macdonald-Cartier.Intl.AP.716280_CWEC2016.epw",
              "CAN_ON_Sault.Ste.Marie.AP.712600_CWEC2016.epw",
              "CAN_ON_Timmins.Power.AP.717390_CWEC2016.epw",
              "CAN_ON_Toronto.Pearson.Intl.AP.716240_CWEC2016.epw",
              "CAN_ON_Windsor.Intl.AP.715380_CWEC2016.epw",
              "CAN_PE_Charlottetown.AP.717060_CWEC2016.epw",
              "CAN_QC_Kuujjuaq.AP.719060_CWEC2016.epw",
              "CAN_QC_Kuujuarapik.AP.719050_CWEC2016.epw",
              "CAN_QC_Lac.Eon.AP.714210_CWEC2016.epw",
              "CAN_QC_Mont-Joli.AP.717180_CWEC2016.epw",
              "CAN_QC_Montreal-Mirabel.Intl.AP.719050_CWEC2016.epw",
              "CAN_QC_Montreal-St-Hubert.Longueuil.AP.713710_CWEC2016.epw",
              "CAN_QC_Montreal-Trudeau.Intl.AP.716270_CWEC2016.epw",
              "CAN_QC_Quebec-Lesage.Intl.AP.717140_CWEC2016.epw",
              "CAN_QC_Riviere-du-Loup.717150_CWEC2016.epw",
              "CAN_QC_Roberval.AP.717280_CWEC2016.epw",
              "CAN_QC_Saguenay-Bagotville.AP-CFB.Bagotville.717270_CWEC2016.epw",
              "CAN_QC_Schefferville.AP.718280_CWEC2016.epw",
              "CAN_QC_Sept-Iles.AP.718110_CWEC2016.epw",
              "CAN_QC_Val-d-Or.Rgnl.AP.717250_CWEC2016.epw",
              "CAN_SK_Estevan.Rgnl.AP.718620_CWEC2016.epw",
              "CAN_SK_North.Battleford.AP.718760_CWEC2016.epw",
              "CAN_SK_Saskatoon.Intl.AP.718660_CWEC2016.epw",
              "CAN_YT_Whitehorse.Intl.AP.719640_CWEC2016.epw"
            ],
            "variableSetting": "Discrete",
            "distribution": "Uniform",
            "discreteVariables": [
              {
                "value": "CAN_BC_Victoria.Intl.AP.717990_CWEC2016.epw",
                "weight": "",
                "$$hashKey": "object:2848"
              },
              {
                "value": "CAN_ON_Windsor.Intl.AP.715380_CWEC2016.epw",
                "weight": "",
                "$$hashKey": "object:2859"
              },
              {
                "value": "CAN_PE_Charlottetown.AP.717060_CWEC2016.epw",
                "weight": "",
                "$$hashKey": "object:2869"
              },
              {
                "value": "CAN_AB_Edmonton.Intl.AP.711230_CWEC2016.epw",
                "weight": "",
                "$$hashKey": "object:2879"
              },
              {
                "value": "CAN_YT_Whitehorse.Intl.AP.719640_CWEC2016.epw",
                "weight": "",
                "$$hashKey": "object:2889"
              },
              {
                "value": "CAN_NT_Yellowknife.AP.719360_CWEC2016.epw",
                "weight": "",
                "$$hashKey": "object:2899"
              }
            ],
            "maximum": "CAN_AB_Banff.CS.711220_CWEC2016.epw",
            "minimum": "CAN_AB_Banff.CS.711220_CWEC2016.epw",
            "mean": "CAN_AB_Banff.CS.711220_CWEC2016.epw",
            "deltaX": "CAN_AB_Banff.CS.711220_CWEC2016.epw",
            "stdDev": "CAN_AB_Banff.CS.711220_CWEC2016.epw",
            "default_value": "CAN_AB_Banff.CS.711220_CWEC2016.epw",
            "showWarningIcon": false
          },
          "$$hashKey": "object:1588"
        }
      ],
      "edit": "",
      "status": "",
      "bcl_update": false,
      "location": "my",
      "add": "",
      "open": true,
      "addedToProject": true,
      "date": "12/3/2018",
      "author": "",
      "type": "ModelMeasure",
      "seed": "dummy.osm",
      "workflow_index": 0,
      "options": [],
      "instanceId": 0.9192986316491654,
      "skip": false,
      "$$hashKey": "object:1515",
      "showWarningText": false
    },
    {
      "measure_dir": "C:\\Users\\vuonge\\Documents\\Code Document\\NECB 2017 PATS\\NECB2017 fene 1\\measures\\btap_set_fenestration_conductance_by_necb_climate_zone",
      "name": "btap_set_fenestration_conductance_by_necb_climate_zone",
      "directory": "C:/Users/vuonge/Documents/Code Document/measures/btap_set_fenestration_conductance_by_necb_climate_zone",
      "uid": "ed475991-f1ea-4c98-968d-fdf5d56faab3",
      "uuid": "{ed475991-f1ea-4c98-968d-fdf5d56faab3}",
      "version_id": "141e1c34-9987-4664-acf8-22a7d7a56fd3",
      "version_uuid": "{141e1c34-9987-4664-acf8-22a7d7a56fd3}",
      "version_modified": "20181018T144649Z",
      "xml_checksum": "A51D361F",
      "display_name": "BtapSetFenestrationConductanceByNecbClimateZone",
      "class_name": "BtapSetFenestrationConductanceByNecbClimateZone",
      "description": "Modifies fenestration conductances by climate zone.",
      "modeler_description": "Modifies fenestartion conductances by climate zone.",
      "tags": "Envelope.Opaque",
      "outputs": [],
      "attributes": [
        {
          "name": "Measure Function",
          "display_name": "Measure Function",
          "value": "Measure"
        },
        {
          "name": "Requires EnergyPlus Results",
          "display_name": "Requires EnergyPlus Results",
          "value": false
        },
        {
          "name": "Uses SketchUp API",
          "display_name": "Uses SketchUp API",
          "value": false
        },
        {
          "name": "Measure Type",
          "display_name": "Measure Type",
          "value": "ModelMeasure"
        }
      ],
      "arguments": [
        {
          "name": "zone4_r_value",
          "display_name": "NECB Zone4 Fenestration Insulation R-value (ft^2*h*R/Btu).",
          "description": "",
          "type": "Double",
          "required": true,
          "model_dependent": false,
          "default_value": 3.15,
          "display_name_short": "zone4_r_value",
          "inputs": {
            "relationship": null,
            "choiceDisplayNames": [],
            "variableSetting": "Argument",
            "distribution": "Uniform",
            "discreteVariables": [],
            "maximum": 3.15,
            "minimum": 3.15,
            "mean": 3.15,
            "deltaX": 3.15,
            "stdDev": 3.15,
            "default_value": 3.548914586,
            "showWarningIcon": false
          },
          "$$hashKey": "object:1706"
        },
        {
          "name": "zone5_r_value",
          "display_name": "NECB Zone5 Fenestration Insulation R-value (ft^2*h*R/Btu).",
          "description": "",
          "type": "Double",
          "required": true,
          "model_dependent": false,
          "default_value": 3.15,
          "display_name_short": "zone5_r_value",
          "inputs": {
            "relationship": null,
            "choiceDisplayNames": [],
            "variableSetting": "Argument",
            "distribution": "Uniform",
            "discreteVariables": [],
            "maximum": 3.15,
            "minimum": 3.15,
            "mean": 3.15,
            "deltaX": 3.15,
            "stdDev": 3.15,
            "default_value": 3.548914586,
            "showWarningIcon": false
          },
          "$$hashKey": "object:1707"
        },
        {
          "name": "zone6_r_value",
          "display_name": "NECB Zone6 Fenestration Insulation R-value (ft^2*h*R/Btu).",
          "description": "",
          "type": "Double",
          "required": true,
          "model_dependent": false,
          "default_value": 3.55,
          "display_name_short": "zone6_r_value",
          "inputs": {
            "relationship": null,
            "choiceDisplayNames": [],
            "variableSetting": "Argument",
            "distribution": "Uniform",
            "discreteVariables": [],
            "maximum": 3.55,
            "minimum": 3.55,
            "mean": 3.55,
            "deltaX": 3.55,
            "stdDev": 3.55,
            "default_value": 3.548914586,
            "showWarningIcon": false
          },
          "$$hashKey": "object:1708"
        },
        {
          "name": "zone7A_r_value",
          "display_name": "NECB Zone7A Fenestration Insulation R-value (ft^2*h*R/Btu).",
          "description": "",
          "type": "Double",
          "required": true,
          "model_dependent": false,
          "default_value": 3.55,
          "display_name_short": "zone7A_r_value",
          "inputs": {
            "relationship": null,
            "choiceDisplayNames": [],
            "variableSetting": "Argument",
            "distribution": "Uniform",
            "discreteVariables": [],
            "maximum": 3.55,
            "minimum": 3.55,
            "mean": 3.55,
            "deltaX": 3.55,
            "stdDev": 3.55,
            "default_value": 3.548914586,
            "showWarningIcon": false
          },
          "$$hashKey": "object:1709"
        },
        {
          "name": "zone7B_r_value",
          "display_name": "NECB Zone7B Fenestration Insulation R-value (ft^2*h*R/Btu).",
          "description": "",
          "type": "Double",
          "required": true,
          "model_dependent": false,
          "default_value": 4,
          "display_name_short": "zone7B_r_value",
          "inputs": {
            "relationship": null,
            "choiceDisplayNames": [],
            "variableSetting": "Argument",
            "distribution": "Uniform",
            "discreteVariables": [],
            "maximum": 4,
            "minimum": 4,
            "mean": 4,
            "deltaX": 4,
            "stdDev": 4,
            "default_value": 4.731886114,
            "showWarningIcon": false
          },
          "$$hashKey": "object:1710"
        },
        {
          "name": "zone8_r_value",
          "display_name": "NECB Zone8 Fenestration Insulation R-value (ft^2*h*R/Btu).",
          "description": "",
          "type": "Double",
          "required": true,
          "model_dependent": false,
          "default_value": 4,
          "display_name_short": "zone8_r_value",
          "inputs": {
            "relationship": null,
            "choiceDisplayNames": [],
            "variableSetting": "Argument",
            "distribution": "Uniform",
            "discreteVariables": [],
            "maximum": 4,
            "minimum": 4,
            "mean": 4,
            "deltaX": 4,
            "stdDev": 4,
            "default_value": 4.731886114,
            "showWarningIcon": false
          },
          "$$hashKey": "object:1711"
        }
      ],
      "edit": "",
      "status": "",
      "bcl_update": false,
      "location": "my",
      "add": "",
      "open": true,
      "addedToProject": true,
      "date": "10/18/2018",
      "author": "",
      "type": "ModelMeasure",
      "seed": "dummy.osm",
      "workflow_index": 1,
      "options": [],
      "instanceId": 0.7473789681377292,
      "skip": false,
      "$$hashKey": "object:1516",
      "showWarningText": false
    },
    {
      "measure_dir": "C:\\Users\\vuonge\\Documents\\Code Document\\NECB 2017 PATS\\NECB2017 fene 1\\measures\\btap_results",
      "name": "btap_results",
      "directory": "C:/Users/vuonge/Documents/Code Document/measures/btap_results",
      "uid": "bf37e1c6-de70-457b-a3ac-21aa57b7bc58",
      "uuid": "{bf37e1c6-de70-457b-a3ac-21aa57b7bc58}",
      "version_id": "a5026e21-37f3-41b4-868d-73f314b51da4",
      "version_uuid": "{a5026e21-37f3-41b4-868d-73f314b51da4}",
      "version_modified": "20181207T181451Z",
      "xml_checksum": "15BF4E57",
      "display_name": "BTAP Results",
      "class_name": "BTAPResults",
      "description": "This measure creates BTAP result values used for NRCan analyses.",
      "modeler_description": "Grabs data from OS model and sql database and keeps them in the ",
      "tags": "Reporting.QAQC",
      "outputs": [],
      "attributes": [
        {
          "name": "Measure Type",
          "display_name": "Measure Type",
          "value": "ReportingMeasure"
        }
      ],
      "arguments": [
        {
          "name": "generate_hourly_report",
          "display_name": "Generate Hourly Report.",
          "description": "",
          "type": "String",
          "required": false,
          "model_dependent": false,
          "default_value": "false",
          "display_name_short": "generate_hourly_report",
          "inputs": {
            "relationship": null,
            "choiceDisplayNames": [],
            "variableSetting": "Argument",
            "distribution": "Uniform",
            "discreteVariables": [],
            "maximum": "false",
            "minimum": "false",
            "mean": "false",
            "deltaX": "false",
            "stdDev": "false",
            "default_value": "false",
            "showWarningIcon": false
          },
          "$$hashKey": "object:2673"
        },
        {
          "name": "template_type",
          "display_name": "NECB template for QAQC",
          "description": "",
          "type": "Choice",
          "required": true,
          "model_dependent": false,
          "default_value": "NECB2011",
          "choice_values": [
            "NECB2011",
            "NECB2015",
            "NECB2017"
          ],
          "choice_display_names": [
            "NECB2011",
            "NECB2015",
            "NECB2017"
          ],
          "display_name_short": "template_type",
          "inputs": {
            "relationship": null,
            "choiceDisplayNames": [
              "NECB2011",
              "NECB2015",
              "NECB2017"
            ],
            "variableSetting": "Argument",
            "distribution": "Uniform",
            "discreteVariables": [],
            "maximum": "NECB2011",
            "minimum": "NECB2011",
            "mean": "NECB2011",
            "deltaX": "NECB2011",
            "stdDev": "NECB2011",
            "default_value": "NECB2017",
            "showWarningIcon": false
          },
          "$$hashKey": "object:2674"
        },
        {
          "name": "output_diet",
          "display_name": "Reduce outputs.",
          "description": "",
          "type": "Boolean",
          "required": true,
          "model_dependent": false,
          "default_value": false,
          "display_name_short": "output_diet",
          "inputs": {
            "relationship": null,
            "choiceDisplayNames": [],
            "variableSetting": "Argument",
            "distribution": "Uniform",
            "discreteVariables": [],
            "maximum": false,
            "minimum": false,
            "mean": false,
            "deltaX": false,
            "stdDev": false,
            "default_value": false,
            "showWarningIcon": false
          },
          "$$hashKey": "object:2675"
        }
      ],
      "edit": "",
      "status": "",
      "bcl_update": false,
      "location": "my",
      "add": "",
      "open": true,
      "addedToProject": true,
      "date": "12/7/2018",
      "author": "",
      "type": "ReportingMeasure",
      "seed": "dummy.osm",
      "workflow_index": 2,
      "options": [],
      "instanceId": 0.9677871893272441,
      "skip": false,
      "$$hashKey": "object:2633",
      "showWarningText": false
    }
  ],
  "filesToInclude": [],
  "serverScripts": {
    "server_initialization": {
      "file": null,
      "arguments": []
    },
    "server_finalization": {
      "file": null,
      "arguments": []
    },
    "worker_initialization": {
      "file": null,
      "arguments": []
    },
    "worker_finalization": {
      "file": null,
      "arguments": []
    }
  },
  "designAlternatives": [],
  "analysisID": "",
  "datapoints": []
}