<measure>
  <schema_version>3.0</schema_version>
  <name>btap_results</name>
  <uid>bf37e1c6-de70-457b-a3ac-21aa57b7bc58</uid>
  <version_id>86fb174b-6040-4a41-8cbe-ab3d1551296a</version_id>
  <version_modified>20181219T170133Z</version_modified>
  <xml_checksum>15BF4E57</xml_checksum>
  <class_name>BTAPResults</class_name>
  <display_name>BTAP Results</display_name>
  <description>This measure creates BTAP result values used for NRCan analyses.</description>
  <modeler_description>Grabs data from OS model and sql database and keeps them in the </modeler_description>
  <arguments>
    <argument>
      <name>generate_hourly_report</name>
      <display_name>Generate Hourly Report.</display_name>
      <type>String</type>
      <required>false</required>
      <model_dependent>false</model_dependent>
      <default_value>false</default_value>
    </argument>
    <argument>
      <name>output_diet</name>
      <display_name>Reduce outputs.</display_name>
      <type>Boolean</type>
      <required>true</required>
      <model_dependent>false</model_dependent>
      <default_value>false</default_value>
      <choices>
        <choice>
          <value>true</value>
          <display_name>true</display_name>
        </choice>
        <choice>
          <value>false</value>
          <display_name>false</display_name>
        </choice>
      </choices>
    </argument>
  </arguments>
  <outputs/>
  <provenances/>
  <tags>
    <tag>Reporting.QAQC</tag>
  </tags>
  <attributes>
    <attribute>
      <name>Measure Type</name>
      <value>ReportingMeasure</value>
      <datatype>string</datatype>
    </attribute>
  </attributes>
  <files>
    <file>
      <filename>report.html.in</filename>
      <filetype>in</filetype>
      <usage_type>resource</usage_type>
      <checksum>3F69E3FB</checksum>
    </file>
    <file>
      <filename>neb_end_use_prices.csv</filename>
      <filetype>csv</filetype>
      <usage_type>resource</usage_type>
      <checksum>39B60B6B</checksum>
    </file>
    <file>
      <filename>necb_2011_spacetype_info.csv</filename>
      <filetype>csv</filetype>
      <usage_type>resource</usage_type>
      <checksum>6B0BD83E</checksum>
    </file>
    <file>
      <filename>os_lib_helper_methods.rb</filename>
      <filetype>rb</filetype>
      <usage_type>resource</usage_type>
      <checksum>A6430141</checksum>
    </file>
    <file>
      <filename>os_lib_reporting.rb</filename>
      <filetype>rb</filetype>
      <usage_type>resource</usage_type>
      <checksum>0F9C02BF</checksum>
    </file>
    <file>
      <filename>os_lib_schedules.rb</filename>
      <filetype>rb</filetype>
      <usage_type>resource</usage_type>
      <checksum>C4185CAA</checksum>
    </file>
    <file>
      <filename>report.html.erb</filename>
      <filetype>erb</filetype>
      <usage_type>resource</usage_type>
      <checksum>7DC1F0A7</checksum>
    </file>
    <file>
      <filename>BTAPMeasureHelper.rb</filename>
      <filetype>rb</filetype>
      <usage_type>resource</usage_type>
      <checksum>17C3D1F2</checksum>
    </file>
    <file>
      <filename>ventilation_costing.rb</filename>
      <filetype>rb</filetype>
      <usage_type>resource</usage_type>
      <checksum>5A8F9CE3</checksum>
    </file>
    <file>
      <filename>heating_cooling_costing.rb</filename>
      <filetype>rb</filetype>
      <usage_type>resource</usage_type>
      <checksum>83AAD1CC</checksum>
    </file>
    <file>
      <filename>shw_costing.rb</filename>
      <filetype>rb</filetype>
      <usage_type>resource</usage_type>
      <checksum>71BD9DC2</checksum>
    </file>
    <file>
      <filename>costing_database.json.gz</filename>
      <filetype>gz</filetype>
      <usage_type>resource</usage_type>
      <checksum>165B9461</checksum>
    </file>
    <file>
      <filename>envelope_costing.rb</filename>
      <filetype>rb</filetype>
      <usage_type>resource</usage_type>
      <checksum>710A2B5B</checksum>
    </file>
    <file>
      <filename>test.rb</filename>
      <filetype>rb</filetype>
      <usage_type>test</usage_type>
      <checksum>550CFFB6</checksum>
    </file>
    <file>
      <filename>btap_costing.rb</filename>
      <filetype>rb</filetype>
      <usage_type>resource</usage_type>
      <checksum>1439AFD7</checksum>
    </file>
    <file>
      <version>
        <software_program>OpenStudio</software_program>
        <identifier>2.4.1</identifier>
        <min_compatible>2.4.1</min_compatible>
      </version>
      <filename>measure.rb</filename>
      <filetype>rb</filetype>
      <usage_type>script</usage_type>
      <checksum>772263F5</checksum>
    </file>
    <file>
      <filename>lighting_costing.rb</filename>
      <filetype>rb</filetype>
      <usage_type>resource</usage_type>
      <checksum>918FCCDE</checksum>
    </file>
  </files>
</measure>
