<measure>
  <schema_version>3.0</schema_version>
  <name>btap_utility_tariffs_model_setup</name>
  <uid>34c820cf-b55d-4bdf-b654-48e5bd9beef8</uid>
  <version_id>20dd95fb-d5b0-4916-ace4-5633a6208092</version_id>
  <version_modified>20181219T170133Z</version_modified>
  <xml_checksum>D1E2AA62</xml_checksum>
  <class_name>BTAPUtilityTariffsModelSetup</class_name>
  <display_name>BTAPUtilityTariffsModelSetup</display_name>
  <description>BTAPUtilityTariffs</description>
  <modeler_description>BTAPUtilityTariffs</modeler_description>
  <arguments/>
  <outputs/>
  <provenances/>
  <tags>
    <tag>Economics.Life Cycle Cost Analysis</tag>
  </tags>
  <attributes>
    <attribute>
      <name>Measure Type</name>
      <value>EnergyPlusMeasure</value>
      <datatype>string</datatype>
    </attribute>
  </attributes>
  <files>
    <file>
      <filename>test.rb</filename>
      <filetype>rb</filetype>
      <usage_type>test</usage_type>
      <checksum>C024389B</checksum>
    </file>
    <file>
      <filename>Energy rates_2015.xls</filename>
      <filetype>xls</filetype>
      <usage_type>resource</usage_type>
      <checksum>843F0E1E</checksum>
    </file>
    <file>
      <filename>neb_end_use_prices.csv</filename>
      <filetype>csv</filetype>
      <usage_type>resource</usage_type>
      <checksum>3158AF63</checksum>
    </file>
    <file>
      <filename>utility_tariffs.csv</filename>
      <filetype>csv</filetype>
      <usage_type>resource</usage_type>
      <checksum>20385FA5</checksum>
    </file>
    <file>
      <version>
        <software_program>OpenStudio</software_program>
        <identifier>2.4.1</identifier>
        <min_compatible>2.4.1</min_compatible>
      </version>
      <filename>measure.rb</filename>
      <filetype>rb</filetype>
      <usage_type>script</usage_type>
      <checksum>5E1F4A42</checksum>
    </file>
    <file>
      <filename>BTAPMeasureHelper.rb</filename>
      <filetype>rb</filetype>
      <usage_type>resource</usage_type>
      <checksum>17C3D1F2</checksum>
    </file>
  </files>
</measure>
