<measure>
  <schema_version>3.0</schema_version>
  <name>btap_set_roof_conductance_by_necb_climate_zone</name>
  <uid>09b4a9fb-3649-473a-aa81-f01c680e63a8</uid>
  <version_id>c2aa27f2-9bbb-4ba0-8bb5-c06de96957c0</version_id>
  <version_modified>20181015T181821Z</version_modified>
  <xml_checksum>A51D361F</xml_checksum>
  <class_name>BTAPSetRoofConductanceByNecbClimateZone</class_name>
  <display_name>BTAPSetRoofConductanceByNecbClimateZone </display_name>
  <description>Modifies roof conductances by climate zone.</description>
  <modeler_description>Modifies roof conductances by climate zone. OpenStudio 2.4.3 (Aug 2018)</modeler_description>
  <arguments>
    <argument>
      <name>zone4_r_value</name>
      <display_name>NECB Zone4 Roof Insulation R-value (ft^2*h*R/Btu).</display_name>
      <type>Double</type>
      <required>true</required>
      <model_dependent>false</model_dependent>
      <default_value>31.03</default_value>
    </argument>
    <argument>
      <name>zone5_r_value</name>
      <display_name>NECB Zone5 Roof Insulation R-value (ft^2*h*R/Btu).</display_name>
      <type>Double</type>
      <required>true</required>
      <model_dependent>false</model_dependent>
      <default_value>31.03</default_value>
    </argument>
    <argument>
      <name>zone6_r_value</name>
      <display_name>NECB Zone6 Roof Insulation R-value (ft^2*h*R/Btu).</display_name>
      <type>Double</type>
      <required>true</required>
      <model_dependent>false</model_dependent>
      <default_value>35.05</default_value>
    </argument>
    <argument>
      <name>zone7A_r_value</name>
      <display_name>NECB Zone7A Roof Insulation R-value (ft^2*h*R/Btu).</display_name>
      <type>Double</type>
      <required>true</required>
      <model_dependent>false</model_dependent>
      <default_value>35.05</default_value>
    </argument>
    <argument>
      <name>zone7B_r_value</name>
      <display_name>NECB Zone7B Roof Insulation R-value (ft^2*h*R/Btu).</display_name>
      <type>Double</type>
      <required>true</required>
      <model_dependent>false</model_dependent>
      <default_value>39.99</default_value>
    </argument>
    <argument>
      <name>zone8_r_value</name>
      <display_name>NECB Zone8 Roof Insulation R-value (ft^2*h*R/Btu).</display_name>
      <type>Double</type>
      <required>true</required>
      <model_dependent>false</model_dependent>
      <default_value>47.32</default_value>
    </argument>
  </arguments>
  <outputs/>
  <provenances/>
  <tags>
    <tag>Envelope.Opaque</tag>
  </tags>
  <attributes>
    <attribute>
      <name>Measure Function</name>
      <value>Measure</value>
      <datatype>string</datatype>
    </attribute>
    <attribute>
      <name>Requires EnergyPlus Results</name>
      <value>false</value>
      <datatype>boolean</datatype>
    </attribute>
    <attribute>
      <name>Uses SketchUp API</name>
      <value>false</value>
      <datatype>boolean</datatype>
    </attribute>
    <attribute>
      <name>Measure Type</name>
      <value>ModelMeasure</value>
      <datatype>string</datatype>
    </attribute>
  </attributes>
  <files>
    <file>
      <filename>EnvelopeAndLoadTestModel_01.osm</filename>
      <filetype>osm</filetype>
      <usage_type>test</usage_type>
      <checksum>10AA8866</checksum>
    </file>
    <file>
      <filename>ReverseTranslatedModel.osm</filename>
      <filetype>osm</filetype>
      <usage_type>test</usage_type>
      <checksum>0B94403D</checksum>
    </file>
    <file>
      <filename>BTAPMeasureHelper.rb</filename>
      <filetype>rb</filetype>
      <usage_type>resource</usage_type>
      <checksum>1FD7D11E</checksum>
    </file>
    <file>
      <filename>test.rb</filename>
      <filetype>rb</filetype>
      <usage_type>test</usage_type>
      <checksum>81B61775</checksum>
    </file>
    <file>
      <version>
        <software_program>OpenStudio</software_program>
        <identifier>0.11.5</identifier>
        <min_compatible>1.8.0</min_compatible>
      </version>
      <filename>measure.rb</filename>
      <filetype>rb</filetype>
      <usage_type>script</usage_type>
      <checksum>62902C29</checksum>
    </file>
  </files>
</measure>
