<measure>
  <schema_version>3.0</schema_version>
  <name>btap_new_spacetype_lpd_list</name>
  <uid>fe83dee3-2233-4744-abb1-3cbb1777fbae</uid>
  <version_id>8e3e449c-f6e1-45ab-8f27-623e0ff11091</version_id>
  <version_modified>20190218T195335Z</version_modified>
  <xml_checksum>2609226D</xml_checksum>
  <class_name>BTAPNewSpacetypeLPDList</class_name>
  <display_name>BTAPNewSpacetypeLPDList</display_name>
  <description>This  measure changes space type LPD based on associated json file in the resource folder.</description>
  <modeler_description>Reads the spacetypes in the model and replaces the model LPD with the LPD specified in the json file.</modeler_description>
  <arguments>
    <argument>
      <name>skipspacetype</name>
      <display_name>Spacetypes to skip</display_name>
      <type>String</type>
      <required>false</required>
      <model_dependent>false</model_dependent>
      <default_value>None</default_value>
    </argument>
    <argument>
      <name>fracchange</name>
      <display_name>Fractional change</display_name>
      <type>Double</type>
      <required>false</required>
      <model_dependent>false</model_dependent>
      <default_value>1</default_value>
    </argument>
  </arguments>
  <outputs/>
  <provenances/>
  <tags>
    <tag>Envelope.Opaque</tag>
  </tags>
  <attributes>
    <attribute>
      <name>Measure Type</name>
      <value>ModelMeasure</value>
      <datatype>string</datatype>
    </attribute>
    <attribute>
      <name>Intended Software Tool</name>
      <value>Apply Measure Now</value>
      <datatype>string</datatype>
    </attribute>
    <attribute>
      <name>Intended Software Tool</name>
      <value>OpenStudio Application</value>
      <datatype>string</datatype>
    </attribute>
    <attribute>
      <name>Intended Software Tool</name>
      <value>Parametric Analysis Tool</value>
      <datatype>string</datatype>
    </attribute>
  </attributes>
  <files>
    <file>
      <filename>BTAPMeasureHelper.rb</filename>
      <filetype>rb</filetype>
      <usage_type>resource</usage_type>
      <checksum>17C3D1F2</checksum>
    </file>
    <file>
      <filename>test.rb</filename>
      <filetype>rb</filetype>
      <usage_type>test</usage_type>
      <checksum>D7F74216</checksum>
    </file>
    <file>
      <version>
        <software_program>OpenStudio</software_program>
        <identifier>2.3.0</identifier>
        <min_compatible>2.3.0</min_compatible>
      </version>
      <filename>measure.rb</filename>
      <filetype>rb</filetype>
      <usage_type>script</usage_type>
      <checksum>98153E73</checksum>
    </file>
    <file>
      <filename>listofspacenameschangedSI.txt</filename>
      <filetype>txt</filetype>
      <usage_type>resource</usage_type>
      <checksum>39C8F015</checksum>
    </file>
  </files>
</measure>
