<measure>
  <schema_version>3.0</schema_version>
  <name>btap_view_model</name>
  <uid>a7a14e83-c319-4d66-b143-97630df94dbe</uid>
  <version_id>b99fab72-8630-4292-82ba-2cf8ef0f9977</version_id>
  <version_modified>20181219T170133Z</version_modified>
  <xml_checksum>17C66553</xml_checksum>
  <class_name>BTAPViewModel</class_name>
  <display_name>BTAPViewModel</display_name>
  <description>Visualize an OpenStudio model in a web based viewer</description>
  <modeler_description>Converts the OpenStudio model to vA3C JSON format and renders using Three.js</modeler_description>
  <arguments>
    <argument>
      <name>output_diet</name>
      <display_name>Reduce outputs.</display_name>
      <type>Boolean</type>
      <required>true</required>
      <model_dependent>false</model_dependent>
      <default_value>false</default_value>
      <choices>
        <choice>
          <value>true</value>
          <display_name>true</display_name>
        </choice>
        <choice>
          <value>false</value>
          <display_name>false</display_name>
        </choice>
      </choices>
    </argument>
  </arguments>
  <outputs/>
  <provenances/>
  <tags>
    <tag>Reporting.QAQC</tag>
  </tags>
  <attributes>
    <attribute>
      <name>Measure Type</name>
      <value>ModelMeasure</value>
      <datatype>string</datatype>
    </attribute>
  </attributes>
  <files>
    <file>
      <filename>example_model.osm</filename>
      <filetype>osm</filetype>
      <usage_type>test</usage_type>
      <checksum>53D14E69</checksum>
    </file>
    <file>
      <filename>ExampleModel.osm</filename>
      <filetype>osm</filetype>
      <usage_type>test</usage_type>
      <checksum>10636DB9</checksum>
    </file>
    <file>
      <filename>SimpleModel.osm</filename>
      <filetype>osm</filetype>
      <usage_type>test</usage_type>
      <checksum>AC094EF8</checksum>
    </file>
    <file>
      <filename>report.html.in</filename>
      <filetype>in</filetype>
      <usage_type>resource</usage_type>
      <checksum>64866EE7</checksum>
    </file>
    <file>
      <filename>va3c.rb</filename>
      <filetype>rb</filetype>
      <usage_type>resource</usage_type>
      <checksum>254BCDED</checksum>
    </file>
    <file>
      <version>
        <software_program>OpenStudio</software_program>
        <identifier>2.4.1</identifier>
        <min_compatible>2.4.1</min_compatible>
      </version>
      <filename>measure.rb</filename>
      <filetype>rb</filetype>
      <usage_type>script</usage_type>
      <checksum>30B85031</checksum>
    </file>
    <file>
      <filename>test.rb</filename>
      <filetype>rb</filetype>
      <usage_type>test</usage_type>
      <checksum>C19A9FE0</checksum>
    </file>
    <file>
      <filename>BTAPMeasureHelper.rb</filename>
      <filetype>rb</filetype>
      <usage_type>resource</usage_type>
      <checksum>17C3D1F2</checksum>
    </file>
  </files>
</measure>
